millis,stamp,datetime,motion
999, 1535028051, 2018/8/23 12:40:51, Inactive
1999, 1535028052, 2018/8/23 12:40:52, Inactive
2999, 1535028053, 2018/8/23 12:40:53, Inactive
3999, 1535028054, 2018/8/23 12:40:54, Inactive
4999, 1535028055, 2018/8/23 12:40:55, Inactive
5999, 1535028056, 2018/8/23 12:40:56, Inactive
7000, 1535028057, 2018/8/23 12:40:57, Inactive
7999, 1535028058, 2018/8/23 12:40:58, Inactive
8999, 1535028059, 2018/8/23 12:40:59, Inactive
9999, 1535028060, 2018/8/23 12:41:0, Inactive
10999, 1535028061, 2018/8/23 12:41:1, Inactive
11999, 1535028062, 2018/8/23 12:41:2, Inactive
12998, 1535028063, 2018/8/23 12:41:3, Inactive
14000, 1535028064, 2018/8/23 12:41:4, Inactive
14999, 1535028065, 2018/8/23 12:41:5, Inactive
16000, 1535028066, 2018/8/23 12:41:6, Inactive
16999, 1535028067, 2018/8/23 12:41:7, Inactive
17999, 1535028068, 2018/8/23 12:41:8, Inactive
18999, 1535028069, 2018/8/23 12:41:9, Inactive
19999, 1535028070, 2018/8/23 12:41:10, Inactive
20999, 1535028071, 2018/8/23 12:41:11, Inactive
21999, 1535028072, 2018/8/23 12:41:12, Inactive
22999, 1535028073, 2018/8/23 12:41:13, Inactive
23999, 1535028074, 2018/8/23 12:41:14, Inactive
24999, 1535028075, 2018/8/23 12:41:15, Inactive
25999, 1535028076, 2018/8/23 12:41:16, Inactive
26999, 1535028077, 2018/8/23 12:41:17, Inactive
27999, 1535028078, 2018/8/23 12:41:18, Inactive
28999, 1535028079, 2018/8/23 12:41:19, Active
29999, 1535028080, 2018/8/23 12:41:20, Active
30999, 1535028081, 2018/8/23 12:41:21, Active
32000, 1535028082, 2018/8/23 12:41:22, Active
32999, 1535028083, 2018/8/23 12:41:23, Active
33999, 1535028084, 2018/8/23 12:41:24, Active
34999, 1535028085, 2018/8/23 12:41:25, Active
35999, 1535028086, 2018/8/23 12:41:26, Active
36999, 1535028087, 2018/8/23 12:41:27, Active
37998, 1535028088, 2018/8/23 12:41:28, Active
39000, 1535028089, 2018/8/23 12:41:29, Active
39999, 1535028090, 2018/8/23 12:41:30, Active
40999, 1535028091, 2018/8/23 12:41:31, Active
41999, 1535028092, 2018/8/23 12:41:32, Active
42999, 1535028093, 2018/8/23 12:41:33, Active
43999, 1535028094, 2018/8/23 12:41:34, Active
44999, 1535028095, 2018/8/23 12:41:35, Active
45999, 1535028096, 2018/8/23 12:41:36, Active
46999, 1535028097, 2018/8/23 12:41:37, Inactive
47998, 1535028098, 2018/8/23 12:41:38, Inactive
48999, 1535028099, 2018/8/23 12:41:39, Inactive
49999, 1535028100, 2018/8/23 12:41:40, Inactive
50999, 1535028101, 2018/8/23 12:41:41, Inactive
51999, 1535028102, 2018/8/23 12:41:42, Inactive
52999, 1535028103, 2018/8/23 12:41:43, Inactive
53999, 1535028104, 2018/8/23 12:41:44, Inactive
55000, 1535028105, 2018/8/23 12:41:45, Inactive
55999, 1535028106, 2018/8/23 12:41:46, Inactive
56999, 1535028107, 2018/8/23 12:41:47, Inactive
57999, 1535028108, 2018/8/23 12:41:48, Inactive
58998, 1535028109, 2018/8/23 12:41:49, Inactive
59999, 1535028110, 2018/8/23 12:41:50, Inactive
60999, 1535028111, 2018/8/23 12:41:51, Inactive
61999, 1535028112, 2018/8/23 12:41:52, Inactive
62999, 1535028113, 2018/8/23 12:41:53, Inactive
64000, 1535028114, 2018/8/23 12:41:54, Inactive
64999, 1535028115, 2018/8/23 12:41:55, Inactive
65999, 1535028116, 2018/8/23 12:41:56, Inactive
66998, 1535028117, 2018/8/23 12:41:57, Inactive
67999, 1535028118, 2018/8/23 12:41:58, Inactive
68999, 1535028119, 2018/8/23 12:41:59, Inactive
69999, 1535028120, 2018/8/23 12:42:0, Inactive
71000, 1535028121, 2018/8/23 12:42:1, Inactive
71999, 1535028122, 2018/8/23 12:42:2, Inactive
72999, 1535028123, 2018/8/23 12:42:3, Inactive
73999, 1535028124, 2018/8/23 12:42:4, Inactive
74999, 1535028125, 2018/8/23 12:42:5, Inactive
76000, 1535028126, 2018/8/23 12:42:6, Inactive
76999, 1535028127, 2018/8/23 12:42:7, Inactive
77999, 1535028128, 2018/8/23 12:42:8, Inactive
78998, 1535028129, 2018/8/23 12:42:9, Inactive
80000, 1535028130, 2018/8/23 12:42:10, Inactive
80999, 1535028131, 2018/8/23 12:42:11, Inactive
81998, 1535028132, 2018/8/23 12:42:12, Inactive
82999, 1535028133, 2018/8/23 12:42:13, Inactive
83999, 1535028134, 2018/8/23 12:42:14, Inactive
84999, 1535028135, 2018/8/23 12:42:15, Inactive
85999, 1535028136, 2018/8/23 12:42:16, Inactive
87000, 1535028137, 2018/8/23 12:42:17, Inactive
87999, 1535028138, 2018/8/23 12:42:18, Inactive
88999, 1535028139, 2018/8/23 12:42:19, Inactive
89999, 1535028140, 2018/8/23 12:42:20, Inactive
90999, 1535028141, 2018/8/23 12:42:21, Inactive
91999, 1535028142, 2018/8/23 12:42:22, Inactive
92999, 1535028143, 2018/8/23 12:42:23, Inactive
93999, 1535028144, 2018/8/23 12:42:24, Inactive
94999, 1535028145, 2018/8/23 12:42:25, Inactive
96000, 1535028146, 2018/8/23 12:42:26, Inactive
96999, 1535028147, 2018/8/23 12:42:27, Inactive
97998, 1535028148, 2018/8/23 12:42:28, Inactive
98999, 1535028149, 2018/8/23 12:42:29, Inactive
99999, 1535028150, 2018/8/23 12:42:30, Inactive
100999, 1535028151, 2018/8/23 12:42:31, Inactive
101999, 1535028152, 2018/8/23 12:42:32, Inactive
103000, 1535028153, 2018/8/23 12:42:33, Inactive
103999, 1535028154, 2018/8/23 12:42:34, Inactive
104999, 1535028155, 2018/8/23 12:42:35, Inactive
105999, 1535028156, 2018/8/23 12:42:36, Inactive
106999, 1535028157, 2018/8/23 12:42:37, Inactive
108000, 1535028158, 2018/8/23 12:42:38, Inactive
108999, 1535028159, 2018/8/23 12:42:39, Inactive
109999, 1535028160, 2018/8/23 12:42:40, Inactive
110999, 1535028161, 2018/8/23 12:42:41, Inactive
112000, 1535028162, 2018/8/23 12:42:42, Inactive
112999, 1535028163, 2018/8/23 12:42:43, Inactive
113999, 1535028164, 2018/8/23 12:42:44, Inactive
114999, 1535028165, 2018/8/23 12:42:45, Inactive
115999, 1535028166, 2018/8/23 12:42:46, Inactive
116999, 1535028167, 2018/8/23 12:42:47, Inactive
117999, 1535028168, 2018/8/23 12:42:48, Inactive
119000, 1535028169, 2018/8/23 12:42:49, Inactive
119999, 1535028170, 2018/8/23 12:42:50, Inactive
120999, 1535028171, 2018/8/23 12:42:51, Inactive
121999, 1535028172, 2018/8/23 12:42:52, Inactive
122999, 1535028173, 2018/8/23 12:42:53, Inactive
123999, 1535028174, 2018/8/23 12:42:54, Inactive
124999, 1535028175, 2018/8/23 12:42:55, Inactive
125999, 1535028176, 2018/8/23 12:42:56, Inactive
126999, 1535028177, 2018/8/23 12:42:57, Inactive
128000, 1535028178, 2018/8/23 12:42:58, Inactive
128999, 1535028179, 2018/8/23 12:42:59, Inactive
129999, 1535028180, 2018/8/23 12:43:0, Inactive
130999, 1535028181, 2018/8/23 12:43:1, Inactive
131999, 1535028182, 2018/8/23 12:43:2, Inactive
132999, 1535028183, 2018/8/23 12:43:3, Inactive
133999, 1535028184, 2018/8/23 12:43:4, Inactive
135000, 1535028185, 2018/8/23 12:43:5, Inactive
135999, 1535028186, 2018/8/23 12:43:6, Inactive
136999, 1535028187, 2018/8/23 12:43:7, Inactive
137999, 1535028188, 2018/8/23 12:43:8, Inactive
138999, 1535028189, 2018/8/23 12:43:9, Inactive
140000, 1535028190, 2018/8/23 12:43:10, Inactive
140999, 1535028191, 2018/8/23 12:43:11, Inactive
141999, 1535028192, 2018/8/23 12:43:12, Inactive
142999, 1535028193, 2018/8/23 12:43:13, Inactive
144000, 1535028194, 2018/8/23 12:43:14, Inactive
144999, 1535028195, 2018/8/23 12:43:15, Inactive
145999, 1535028196, 2018/8/23 12:43:16, Inactive
146999, 1535028197, 2018/8/23 12:43:17, Inactive
147999, 1535028198, 2018/8/23 12:43:18, Inactive
149000, 1535028199, 2018/8/23 12:43:19, Inactive
149999, 1535028200, 2018/8/23 12:43:20, Inactive
151000, 1535028201, 2018/8/23 12:43:21, Inactive
151999, 1535028202, 2018/8/23 12:43:22, Inactive
152998, 1535028203, 2018/8/23 12:43:23, Inactive
153999, 1535028204, 2018/8/23 12:43:24, Inactive
154999, 1535028205, 2018/8/23 12:43:25, Inactive
155999, 1535028206, 2018/8/23 12:43:26, Inactive
156998, 1535028207, 2018/8/23 12:43:27, Inactive
157999, 1535028208, 2018/8/23 12:43:28, Inactive
158999, 1535028209, 2018/8/23 12:43:29, Inactive
160000, 1535028210, 2018/8/23 12:43:30, Inactive
160999, 1535028211, 2018/8/23 12:43:31, Inactive
161999, 1535028212, 2018/8/23 12:43:32, Inactive
162999, 1535028213, 2018/8/23 12:43:33, Inactive
163999, 1535028214, 2018/8/23 12:43:34, Inactive
164999, 1535028215, 2018/8/23 12:43:35, Inactive
165999, 1535028216, 2018/8/23 12:43:36, Inactive
167000, 1535028217, 2018/8/23 12:43:37, Inactive
167999, 1535028218, 2018/8/23 12:43:38, Inactive
168999, 1535028219, 2018/8/23 12:43:39, Inactive
169999, 1535028220, 2018/8/23 12:43:40, Inactive
170998, 1535028221, 2018/8/23 12:43:41, Inactive
171999, 1535028222, 2018/8/23 12:43:42, Inactive
172999, 1535028223, 2018/8/23 12:43:43, Inactive
173999, 1535028224, 2018/8/23 12:43:44, Inactive
174999, 1535028225, 2018/8/23 12:43:45, Inactive
176000, 1535028226, 2018/8/23 12:43:46, Inactive
176999, 1535028227, 2018/8/23 12:43:47, Inactive
177998, 1535028228, 2018/8/23 12:43:48, Inactive
178999, 1535028229, 2018/8/23 12:43:49, Inactive
179999, 1535028230, 2018/8/23 12:43:50, Inactive
180999, 1535028231, 2018/8/23 12:43:51, Inactive
181999, 1535028232, 2018/8/23 12:43:52, Inactive
183000, 1535028233, 2018/8/23 12:43:53, Inactive
183999, 1535028234, 2018/8/23 12:43:54, Inactive
184998, 1535028235, 2018/8/23 12:43:55, Inactive
185999, 1535028236, 2018/8/23 12:43:56, Inactive
186999, 1535028237, 2018/8/23 12:43:57, Inactive
187999, 1535028238, 2018/8/23 12:43:58, Inactive
188999, 1535028239, 2018/8/23 12:43:59, Inactive
190000, 1535028240, 2018/8/23 12:44:0, Inactive
190998, 1535028241, 2018/8/23 12:44:1, Inactive
192000, 1535028242, 2018/8/23 12:44:2, Inactive
192999, 1535028243, 2018/8/23 12:44:3, Inactive
193999, 1535028244, 2018/8/23 12:44:4, Inactive
194999, 1535028245, 2018/8/23 12:44:5, Inactive
195999, 1535028246, 2018/8/23 12:44:6, Inactive
196999, 1535028247, 2018/8/23 12:44:7, Inactive
197998, 1535028248, 2018/8/23 12:44:8, Inactive
199000, 1535028249, 2018/8/23 12:44:9, Inactive
199999, 1535028250, 2018/8/23 12:44:10, Inactive
200999, 1535028251, 2018/8/23 12:44:11, Inactive
201999, 1535028252, 2018/8/23 12:44:12, Inactive
202999, 1535028253, 2018/8/23 12:44:13, Inactive
203999, 1535028254, 2018/8/23 12:44:14, Inactive
204999, 1535028255, 2018/8/23 12:44:15, Inactive
205999, 1535028256, 2018/8/23 12:44:16, Inactive
206999, 1535028257, 2018/8/23 12:44:17, Inactive
208000, 1535028258, 2018/8/23 12:44:18, Inactive
209000, 1535028259, 2018/8/23 12:44:19, Inactive
209999, 1535028260, 2018/8/23 12:44:20, Inactive
210999, 1535028261, 2018/8/23 12:44:21, Inactive
211999, 1535028262, 2018/8/23 12:44:22, Inactive
212999, 1535028263, 2018/8/23 12:44:23, Inactive
213999, 1535028264, 2018/8/23 12:44:24, Inactive
215000, 1535028265, 2018/8/23 12:44:25, Inactive
215999, 1535028266, 2018/8/23 12:44:26, Inactive
216998, 1535028267, 2018/8/23 12:44:27, Inactive
217999, 1535028268, 2018/8/23 12:44:28, Inactive
218999, 1535028269, 2018/8/23 12:44:29, Inactive
219999, 1535028270, 2018/8/23 12:44:30, Inactive
220999, 1535028271, 2018/8/23 12:44:31, Inactive
222000, 1535028272, 2018/8/23 12:44:32, Inactive
222999, 1535028273, 2018/8/23 12:44:33, Inactive
224000, 1535028274, 2018/8/23 12:44:34, Inactive
224999, 1535028275, 2018/8/23 12:44:35, Inactive
225999, 1535028276, 2018/8/23 12:44:36, Inactive
226999, 1535028277, 2018/8/23 12:44:37, Inactive
227999, 1535028278, 2018/8/23 12:44:38, Inactive
228999, 1535028279, 2018/8/23 12:44:39, Inactive
229999, 1535028280, 2018/8/23 12:44:40, Inactive
231000, 1535028281, 2018/8/23 12:44:41, Inactive
231999, 1535028282, 2018/8/23 12:44:42, Inactive
232999, 1535028283, 2018/8/23 12:44:43, Inactive
233999, 1535028284, 2018/8/23 12:44:44, Inactive
234999, 1535028285, 2018/8/23 12:44:45, Inactive
235999, 1535028286, 2018/8/23 12:44:46, Inactive
236999, 1535028287, 2018/8/23 12:44:47, Inactive
237999, 1535028288, 2018/8/23 12:44:48, Inactive
238999, 1535028289, 2018/8/23 12:44:49, Inactive
240000, 1535028290, 2018/8/23 12:44:50, Inactive
240999, 1535028291, 2018/8/23 12:44:51, Inactive
241999, 1535028292, 2018/8/23 12:44:52, Inactive
242999, 1535028293, 2018/8/23 12:44:53, Inactive
243999, 1535028294, 2018/8/23 12:44:54, Inactive
244999, 1535028295, 2018/8/23 12:44:55, Inactive
245999, 1535028296, 2018/8/23 12:44:56, Inactive
247000, 1535028297, 2018/8/23 12:44:57, Inactive
247999, 1535028298, 2018/8/23 12:44:58, Inactive
248999, 1535028299, 2018/8/23 12:44:59, Inactive
249999, 1535028300, 2018/8/23 12:45:0, Inactive
250999, 1535028301, 2018/8/23 12:45:1, Inactive
251999, 1535028302, 2018/8/23 12:45:2, Inactive
252999, 1535028303, 2018/8/23 12:45:3, Inactive
253999, 1535028304, 2018/8/23 12:45:4, Inactive
254999, 1535028305, 2018/8/23 12:45:5, Inactive
256000, 1535028306, 2018/8/23 12:45:6, Inactive
256999, 1535028307, 2018/8/23 12:45:7, Inactive
257999, 1535028308, 2018/8/23 12:45:8, Inactive
258999, 1535028309, 2018/8/23 12:45:9, Inactive
259999, 1535028310, 2018/8/23 12:45:10, Inactive
260999, 1535028311, 2018/8/23 12:45:11, Inactive
261999, 1535028312, 2018/8/23 12:45:12, Inactive
263000, 1535028313, 2018/8/23 12:45:13, Inactive
263999, 1535028314, 2018/8/23 12:45:14, Inactive
264999, 1535028315, 2018/8/23 12:45:15, Inactive
265999, 1535028316, 2018/8/23 12:45:16, Inactive
266999, 1535028317, 2018/8/23 12:45:17, Inactive
267999, 1535028318, 2018/8/23 12:45:18, Inactive
268999, 1535028319, 2018/8/23 12:45:19, Inactive
269999, 1535028320, 2018/8/23 12:45:20, Inactive
270999, 1535028321, 2018/8/23 12:45:21, Inactive
272000, 1535028322, 2018/8/23 12:45:22, Inactive
272999, 1535028323, 2018/8/23 12:45:23, Inactive
273999, 1535028324, 2018/8/23 12:45:24, Inactive
274999, 1535028325, 2018/8/23 12:45:25, Inactive
275999, 1535028326, 2018/8/23 12:45:26, Inactive
276999, 1535028327, 2018/8/23 12:45:27, Inactive
277999, 1535028328, 2018/8/23 12:45:28, Inactive
279000, 1535028329, 2018/8/23 12:45:29, Inactive
279999, 1535028330, 2018/8/23 12:45:30, Inactive
280999, 1535028331, 2018/8/23 12:45:31, Inactive
281999, 1535028332, 2018/8/23 12:45:32, Inactive
282999, 1535028333, 2018/8/23 12:45:33, Inactive
283999, 1535028334, 2018/8/23 12:45:34, Inactive
284999, 1535028335, 2018/8/23 12:45:35, Inactive
285999, 1535028336, 2018/8/23 12:45:36, Inactive
286999, 1535028337, 2018/8/23 12:45:37, Inactive
288000, 1535028338, 2018/8/23 12:45:38, Inactive
288999, 1535028339, 2018/8/23 12:45:39, Inactive
289999, 1535028340, 2018/8/23 12:45:40, Inactive
290999, 1535028341, 2018/8/23 12:45:41, Inactive
291999, 1535028342, 2018/8/23 12:45:42, Inactive
293000, 1535028343, 2018/8/23 12:45:43, Inactive
293999, 1535028344, 2018/8/23 12:45:44, Inactive
295000, 1535028345, 2018/8/23 12:45:45, Inactive
295999, 1535028346, 2018/8/23 12:45:46, Inactive
296998, 1535028347, 2018/8/23 12:45:47, Inactive
297999, 1535028348, 2018/8/23 12:45:48, Inactive
298999, 1535028349, 2018/8/23 12:45:49, Inactive
299999, 1535028350, 2018/8/23 12:45:50, Inactive
300999, 1535028351, 2018/8/23 12:45:51, Inactive
301999, 1535028352, 2018/8/23 12:45:52, Inactive
302999, 1535028353, 2018/8/23 12:45:53, Inactive
303998, 1535028354, 2018/8/23 12:45:54, Inactive
304999, 1535028355, 2018/8/23 12:45:55, Inactive
305999, 1535028356, 2018/8/23 12:45:56, Inactive
306999, 1535028357, 2018/8/23 12:45:57, Inactive
307999, 1535028358, 2018/8/23 12:45:58, Inactive
308999, 1535028359, 2018/8/23 12:45:59, Inactive
309999, 1535028360, 2018/8/23 12:46:0, Inactive
311000, 1535028361, 2018/8/23 12:46:1, Inactive
311999, 1535028362, 2018/8/23 12:46:2, Inactive
312998, 1535028363, 2018/8/23 12:46:3, Inactive
313999, 1535028364, 2018/8/23 12:46:4, Inactive
314998, 1535028365, 2018/8/23 12:46:5, Inactive
315999, 1535028366, 2018/8/23 12:46:6, Inactive
316999, 1535028367, 2018/8/23 12:46:7, Inactive
317999, 1535028368, 2018/8/23 12:46:8, Inactive
318999, 1535028369, 2018/8/23 12:46:9, Inactive
319998, 1535028370, 2018/8/23 12:46:10, Inactive
320999, 1535028371, 2018/8/23 12:46:11, Inactive
321999, 1535028372, 2018/8/23 12:46:12, Inactive
322999, 1535028373, 2018/8/23 12:46:13, Inactive
323999, 1535028374, 2018/8/23 12:46:14, Inactive
324999, 1535028375, 2018/8/23 12:46:15, Inactive
325999, 1535028376, 2018/8/23 12:46:16, Inactive
327000, 1535028377, 2018/8/23 12:46:17, Inactive
327999, 1535028378, 2018/8/23 12:46:18, Inactive
328999, 1535028379, 2018/8/23 12:46:19, Inactive
329999, 1535028380, 2018/8/23 12:46:20, Inactive
330999, 1535028381, 2018/8/23 12:46:21, Inactive
331999, 1535028382, 2018/8/23 12:46:22, Inactive
332999, 1535028383, 2018/8/23 12:46:23, Inactive
333999, 1535028384, 2018/8/23 12:46:24, Inactive
334999, 1535028385, 2018/8/23 12:46:25, Inactive
336000, 1535028386, 2018/8/23 12:46:26, Inactive
336999, 1535028387, 2018/8/23 12:46:27, Inactive
337999, 1535028388, 2018/8/23 12:46:28, Inactive
338999, 1535028389, 2018/8/23 12:46:29, Inactive
339999, 1535028390, 2018/8/23 12:46:30, Inactive
340999, 1535028391, 2018/8/23 12:46:31, Inactive
341999, 1535028392, 2018/8/23 12:46:32, Inactive
343000, 1535028393, 2018/8/23 12:46:33, Inactive
343999, 1535028394, 2018/8/23 12:46:34, Inactive
344999, 1535028395, 2018/8/23 12:46:35, Inactive
345999, 1535028396, 2018/8/23 12:46:36, Inactive
346999, 1535028397, 2018/8/23 12:46:37, Inactive
347999, 1535028398, 2018/8/23 12:46:38, Inactive
348999, 1535028399, 2018/8/23 12:46:39, Inactive
349999, 1535028400, 2018/8/23 12:46:40, Inactive
350999, 1535028401, 2018/8/23 12:46:41, Inactive
351998, 1535028402, 2018/8/23 12:46:42, Active
352999, 1535028403, 2018/8/23 12:46:43, Active
353998, 1535028404, 2018/8/23 12:46:44, Active
354999, 1535028405, 2018/8/23 12:46:45, Active
355999, 1535028406, 2018/8/23 12:46:46, Active
356999, 1535028407, 2018/8/23 12:46:47, Active
357999, 1535028408, 2018/8/23 12:46:48, Active
359000, 1535028409, 2018/8/23 12:46:49, Active
359998, 1535028410, 2018/8/23 12:46:50, Active
360999, 1535028411, 2018/8/23 12:46:51, Active
361999, 1535028412, 2018/8/23 12:46:52, Active
362998, 1535028413, 2018/8/23 12:46:53, Active
363999, 1535028414, 2018/8/23 12:46:54, Active
364999, 1535028415, 2018/8/23 12:46:55, Active
366000, 1535028416, 2018/8/23 12:46:56, Active
366999, 1535028417, 2018/8/23 12:46:57, Active
368000, 1535028418, 2018/8/23 12:46:58, Inactive
368999, 1535028419, 2018/8/23 12:46:59, Inactive
369999, 1535028420, 2018/8/23 12:47:0, Inactive
370999, 1535028421, 2018/8/23 12:47:1, Inactive
371999, 1535028422, 2018/8/23 12:47:2, Inactive
372999, 1535028423, 2018/8/23 12:47:3, Inactive
373999, 1535028424, 2018/8/23 12:47:4, Inactive
374999, 1535028425, 2018/8/23 12:47:5, Inactive
375999, 1535028426, 2018/8/23 12:47:6, Inactive
376999, 1535028427, 2018/8/23 12:47:7, Inactive
377999, 1535028428, 2018/8/23 12:47:8, Inactive
378999, 1535028429, 2018/8/23 12:47:9, Inactive
379999, 1535028430, 2018/8/23 12:47:10, Inactive
380999, 1535028431, 2018/8/23 12:47:11, Inactive
381999, 1535028432, 2018/8/23 12:47:12, Inactive
382999, 1535028433, 2018/8/23 12:47:13, Inactive
383998, 1535028434, 2018/8/23 12:47:14, Inactive
384999, 1535028435, 2018/8/23 12:47:15, Inactive
385998, 1535028436, 2018/8/23 12:47:16, Inactive
386999, 1535028437, 2018/8/23 12:47:17, Inactive
387999, 1535028438, 2018/8/23 12:47:18, Inactive
388999, 1535028439, 2018/8/23 12:47:19, Inactive
389998, 1535028440, 2018/8/23 12:47:20, Inactive
391000, 1535028441, 2018/8/23 12:47:21, Inactive
391999, 1535028442, 2018/8/23 12:47:22, Inactive
392998, 1535028443, 2018/8/23 12:47:23, Inactive
393999, 1535028444, 2018/8/23 12:47:24, Inactive
394999, 1535028445, 2018/8/23 12:47:25, Inactive
395999, 1535028446, 2018/8/23 12:47:26, Inactive
396999, 1535028447, 2018/8/23 12:47:27, Inactive
397999, 1535028448, 2018/8/23 12:47:28, Inactive
398998, 1535028449, 2018/8/23 12:47:29, Inactive
400000, 1535028450, 2018/8/23 12:47:30, Inactive
400999, 1535028451, 2018/8/23 12:47:31, Inactive
401998, 1535028452, 2018/8/23 12:47:32, Inactive
402999, 1535028453, 2018/8/23 12:47:33, Inactive
403999, 1535028454, 2018/8/23 12:47:34, Inactive
405000, 1535028455, 2018/8/23 12:47:35, Inactive
405999, 1535028456, 2018/8/23 12:47:36, Inactive
407000, 1535028457, 2018/8/23 12:47:37, Inactive
407999, 1535028458, 2018/8/23 12:47:38, Inactive
408998, 1535028459, 2018/8/23 12:47:39, Inactive
409999, 1535028460, 2018/8/23 12:47:40, Inactive
410999, 1535028461, 2018/8/23 12:47:41, Inactive
411999, 1535028462, 2018/8/23 12:47:42, Inactive
412999, 1535028463, 2018/8/23 12:47:43, Inactive
413999, 1535028464, 2018/8/23 12:47:44, Inactive
414999, 1535028465, 2018/8/23 12:47:45, Inactive
416000, 1535028466, 2018/8/23 12:47:46, Inactive
416999, 1535028467, 2018/8/23 12:47:47, Inactive
417999, 1535028468, 2018/8/23 12:47:48, Inactive
418999, 1535028469, 2018/8/23 12:47:49, Inactive
419999, 1535028470, 2018/8/23 12:47:50, Inactive
420999, 1535028471, 2018/8/23 12:47:51, Inactive
421999, 1535028472, 2018/8/23 12:47:52, Inactive
423000, 1535028473, 2018/8/23 12:47:53, Inactive
423999, 1535028474, 2018/8/23 12:47:54, Inactive
424999, 1535028475, 2018/8/23 12:47:55, Inactive
425999, 1535028476, 2018/8/23 12:47:56, Inactive
426999, 1535028477, 2018/8/23 12:47:57, Inactive
427999, 1535028478, 2018/8/23 12:47:58, Active
428999, 1535028479, 2018/8/23 12:47:59, Active
429999, 1535028480, 2018/8/23 12:48:0, Active
430999, 1535028481, 2018/8/23 12:48:1, Active
432000, 1535028482, 2018/8/23 12:48:2, Active
432999, 1535028483, 2018/8/23 12:48:3, Active
433999, 1535028484, 2018/8/23 12:48:4, Active
434999, 1535028485, 2018/8/23 12:48:5, Active
435999, 1535028486, 2018/8/23 12:48:6, Active
436999, 1535028487, 2018/8/23 12:48:7, Active
437999, 1535028488, 2018/8/23 12:48:8, Active
439000, 1535028489, 2018/8/23 12:48:9, Active
439999, 1535028490, 2018/8/23 12:48:10, Active
440999, 1535028491, 2018/8/23 12:48:11, Active
441999, 1535028492, 2018/8/23 12:48:12, Active
442999, 1535028493, 2018/8/23 12:48:13, Active
443999, 1535028494, 2018/8/23 12:48:14, Active
444999, 1535028495, 2018/8/23 12:48:15, Active
445999, 1535028496, 2018/8/23 12:48:16, Active
446999, 1535028497, 2018/8/23 12:48:17, Active
447998, 1535028498, 2018/8/23 12:48:18, Active
448999, 1535028499, 2018/8/23 12:48:19, Active
449999, 1535028500, 2018/8/23 12:48:20, Active
450998, 1535028501, 2018/8/23 12:48:21, Active
451999, 1535028502, 2018/8/23 12:48:22, Active
452999, 1535028503, 2018/8/23 12:48:23, Active
453999, 1535028504, 2018/8/23 12:48:24, Active
455000, 1535028505, 2018/8/23 12:48:25, Active
455999, 1535028506, 2018/8/23 12:48:26, Active
456998, 1535028507, 2018/8/23 12:48:27, Active
457999, 1535028508, 2018/8/23 12:48:28, Active
458999, 1535028509, 2018/8/23 12:48:29, Active
459999, 1535028510, 2018/8/23 12:48:30, Active
460999, 1535028511, 2018/8/23 12:48:31, Active
461999, 1535028512, 2018/8/23 12:48:32, Active
462999, 1535028513, 2018/8/23 12:48:33, Active
464000, 1535028514, 2018/8/23 12:48:34, Active
464999, 1535028515, 2018/8/23 12:48:35, Active
465999, 1535028516, 2018/8/23 12:48:36, Active
466999, 1535028517, 2018/8/23 12:48:37, Active
467999, 1535028518, 2018/8/23 12:48:38, Active
469000, 1535028519, 2018/8/23 12:48:39, Active
469999, 1535028520, 2018/8/23 12:48:40, Active
471000, 1535028521, 2018/8/23 12:48:41, Active
471999, 1535028522, 2018/8/23 12:48:42, Active
472998, 1535028523, 2018/8/23 12:48:43, Active
473999, 1535028524, 2018/8/23 12:48:44, Active
474999, 1535028525, 2018/8/23 12:48:45, Active
475999, 1535028526, 2018/8/23 12:48:46, Active
476999, 1535028527, 2018/8/23 12:48:47, Active
477999, 1535028528, 2018/8/23 12:48:48, Inactive
478999, 1535028529, 2018/8/23 12:48:49, Inactive
480000, 1535028530, 2018/8/23 12:48:50, Inactive
480999, 1535028531, 2018/8/23 12:48:51, Inactive
481999, 1535028532, 2018/8/23 12:48:52, Inactive
482999, 1535028533, 2018/8/23 12:48:53, Inactive
483999, 1535028534, 2018/8/23 12:48:54, Inactive
484999, 1535028535, 2018/8/23 12:48:55, Inactive
485999, 1535028536, 2018/8/23 12:48:56, Inactive
487000, 1535028537, 2018/8/23 12:48:57, Inactive
487999, 1535028538, 2018/8/23 12:48:58, Inactive
488998, 1535028539, 2018/8/23 12:48:59, Inactive
489999, 1535028540, 2018/8/23 12:49:0, Inactive
490999, 1535028541, 2018/8/23 12:49:1, Inactive
491999, 1535028542, 2018/8/23 12:49:2, Inactive
492999, 1535028543, 2018/8/23 12:49:3, Inactive
493999, 1535028544, 2018/8/23 12:49:4, Inactive
494999, 1535028545, 2018/8/23 12:49:5, Inactive
496000, 1535028546, 2018/8/23 12:49:6, Inactive
496999, 1535028547, 2018/8/23 12:49:7, Inactive
